{
  "Total" : {
    "transaction" : "Total",
    "sampleCount" : 15,
    "errorCount" : 0,
    "errorPct" : 0.0,
    "meanResTime" : 206.39999999999998,
    "medianResTime" : 184.0,
    "minResTime" : 133.0,
    "maxResTime" : 433.0,
    "pct1ResTime" : 368.80000000000007,
    "pct2ResTime" : 433.0,
    "pct3ResTime" : 433.0,
    "throughput" : 4.801536491677337,
    "receivedKBytesPerSec" : 2.780577284731114,
    "sentKBytesPerSec" : 0.8580870878681177
  },
  "get Breeds" : {
    "transaction" : "get Breeds",
    "sampleCount" : 5,
    "errorCount" : 0,
    "errorPct" : 0.0,
    "meanResTime" : 220.8,
    "medianResTime" : 175.0,
    "minResTime" : 144.0,
    "maxResTime" : 433.0,
    "pct1ResTime" : 433.0,
    "pct2ResTime" : 433.0,
    "pct3ResTime" : 433.0,
    "throughput" : 1.9004180919802356,
    "receivedKBytesPerSec" : 1.4568634787153174,
    "sentKBytesPerSec" : 0.3414813759026986
  },
  "get Random Fact" : {
    "transaction" : "get Random Fact",
    "sampleCount" : 5,
    "errorCount" : 0,
    "errorPct" : 0.0,
    "meanResTime" : 202.4,
    "medianResTime" : 186.0,
    "minResTime" : 133.0,
    "maxResTime" : 326.0,
    "pct1ResTime" : 326.0,
    "pct2ResTime" : 326.0,
    "pct3ResTime" : 326.0,
    "throughput" : 1.9801980198019802,
    "receivedKBytesPerSec" : 0.8895420792079208,
    "sentKBytesPerSec" : 0.35194925742574257
  },
  "Get a list of facts" : {
    "transaction" : "Get a list of facts",
    "sampleCount" : 5,
    "errorCount" : 0,
    "errorPct" : 0.0,
    "meanResTime" : 196.0,
    "medianResTime" : 184.0,
    "minResTime" : 163.0,
    "maxResTime" : 270.0,
    "pct1ResTime" : 270.0,
    "pct2ResTime" : 270.0,
    "pct3ResTime" : 270.0,
    "throughput" : 1.973164956590371,
    "receivedKBytesPerSec" : 1.0289746941594318,
    "sentKBytesPerSec" : 0.35262615923441204
  }
}